,MTSClean,MTSCleanSoft,LocalSpeedClean,GlobalSpeedClean,LocalSpeedAccelClean,GlobalSpeedAccelClean,EWMAClean,MedianFilterClean,KalmanFilterClean,IMRClean
0.2,22.74449896812439,10.895339727401733,4.484344720840454,28.27173662185669,7.327282190322876,59.91486191749573,0.011480331420898438,0.007006168365478516,25.840011596679688,10.973110914230347
0.4,44.77938771247864,22.218547105789185,8.767515897750854,55.7337908744812,14.351303100585938,116.22863841056824,0.00450444221496582,0.009508132934570312,51.19338631629944,42.14405131340027
0.6,67.33472347259521,26.35909676551819,13.052689790725708,87.14471888542175,22.96418523788452,182.18668341636658,0.004503726959228516,0.013011455535888672,81.93774223327637,52.311508655548096
0.8,90.53162384033203,33.62182331085205,17.637120246887207,112.82972455024719,29.421721935272217,239.4692885875702,0.005504608154296875,0.016514301300048828,109.33622932434082,90.2715470790863
1.0,120.96169590950012,43.900634765625,23.406064748764038,149.2529501914978,38.451964378356934,305.2892119884491,0.0065059661865234375,0.019518375396728516,137.0920250415802,120.41433572769165
