,MTSClean,MTSCleanSoft,LocalSpeedClean,GlobalSpeedClean,LocalSpeedAccelClean,GlobalSpeedAccelClean,EWMAClean,MedianFilterClean,KalmanFilterClean,IMRClean
0.2,0.4709193245778612,0.8797327394209354,0.33992805755395683,0.6601123595505619,0.4255788313120176,0.6727915194346289,0.2230615418795823,0.22301199466903598,0.2230615418795823,0.5429553264604811
0.4,0.44449348929596116,0.8806218767351471,0.33142857142857146,0.6602739726027398,0.44492911668484186,0.6724137931034482,0.22362869198312238,0.2236038636615965,0.22362869198312238,0.5107084019769357
0.6,0.4450037009622502,0.874439461883408,0.32258964699316306,0.6725581395348837,0.451336898395722,0.6821994408201305,0.2226336838986817,0.22261719617862696,0.2226336838986817,0.5386416861826698
0.8,0.4242745181105698,0.8861743475846752,0.2992968208378727,0.6810905892700089,0.45318045318045325,0.6918594384601802,0.22253082990778805,0.22251846914403156,0.22253082990778805,0.5676246830092984
1.0,0.4508566275924256,0.8539377289377289,0.32347007397444516,0.6690697352003326,0.45234525594345687,0.6800055578713352,0.22223209920440912,0.2222222222222222,0.22223209920440912,0.536500174641984
