,MTSClean,MTSCleanSoft,LocalSpeedClean,GlobalSpeedClean,LocalSpeedAccelClean,GlobalSpeedAccelClean,EWMAClean,MedianFilterClean,KalmanFilterClean,IMRClean
0.2,0.024486053384474182,0.2086147982958445,0.8281759362497861,0.34261967337124266,0.8534243207160129,0.2993209887778182,0.687885578412937,0.997290088818685,0.8503604898058132,0.35495043536383664
