,MTSClean,MTSCleanSoft,LocalSpeedClean,GlobalSpeedClean,LocalSpeedAccelClean,GlobalSpeedAccelClean,EWMAClean,MedianFilterClean,KalmanFilterClean,IMRClean
0.2,26.19976544380188,18.773735523223877,4.847980976104736,31.966878175735474,7.923633813858032,67.21963763237,0.002002239227294922,0.0070056915283203125,28.755310535430908,9.4934823513031
0.4,53.283618211746216,34.60629177093506,9.917576313018799,65.73382639884949,16.296892166137695,139.80770635604858,0.004003763198852539,0.010008811950683594,58.729384422302246,37.09375882148743
0.6,80.11575508117676,50.1148886680603,14.917720794677734,99.10860323905945,24.51064896583557,220.20700192451477,0.005004167556762695,0.013011693954467773,89.2733211517334,75.91993069648743
0.8,107.29744362831116,67.5574209690094,19.96579098701477,132.94216799736023,32.43140459060669,270.496132850647,0.006004810333251953,0.016014575958251953,117.5237500667572,110.30294156074524
1.0,132.09086918830872,79.96621584892273,24.708739519119263,164.7869005203247,40.41225051879883,339.9168424606323,0.007006645202636719,0.01701521873474121,147.01070404052734,171.0663332939148
