,MTSClean,MTSCleanSoft,LocalSpeedClean,GlobalSpeedClean,LocalSpeedAccelClean,GlobalSpeedAccelClean,EWMAClean,MedianFilterClean,KalmanFilterClean,IMRClean
0.2,0.9723450283293222,0.798868224684645,0.17265842184324376,0.6976419361790303,0.14669966785591748,0.7381382285630165,0.3128164927845335,0.0027798280141640985,0.1494219103926996,0.6574281868373173
0.4,0.9725313065952509,0.7833388271331181,0.17613417242494755,0.6971143875727097,0.14656774441206988,0.7225307223367398,0.31027602359982265,0.0025996440415196886,0.1485379325683469,0.5956707303278523
0.6,0.9737406571635968,0.7882106781925269,0.1711257782957415,0.7076160201353352,0.14584468238378434,0.7391831022534132,0.3088079419732995,0.002159740261697962,0.1475319324389559,0.5600565325300153
0.8,0.974987972708934,0.7987343921092926,0.17573413713593034,0.7257836603329257,0.14785195762212022,0.7532785569180402,0.3133204517176752,0.0020094387504348,0.1499146135961743,0.6515309090776985
1.0,0.9750054484520163,0.7926728843431652,0.1710029630976232,0.7350575893279979,0.14535752178761097,0.7681830969941543,0.3085747496885818,0.002261790224220017,0.14726903272290337,0.667810726294219
