,MTSClean,MTSCleanSoft,LocalSpeedClean,GlobalSpeedClean,LocalSpeedAccelClean,GlobalSpeedAccelClean,EWMAClean,MedianFilterClean,KalmanFilterClean,IMRClean
0.2,0.4531037607612143,0.9669421487603307,0.31799910674408216,0.6607629427792916,0.4545454545454545,0.6730637422892394,0.2222716159146477,0.2222222222222222,0.2222716159146477,0.581497797356828
0.4,0.45181674565560825,0.9632695292291775,0.35809935205183585,0.6680613668061367,0.47539267015706804,0.679509632224168,0.22244444444444444,0.22241973114098432,0.22244444444444444,0.5126835781041389
0.6,0.43425430348618543,0.9701748371614672,0.2970596317669689,0.6620466620466621,0.4773886433185991,0.6727019498607244,0.22237037037037038,0.22235389971113248,0.22237037037037038,0.5084433527786306
0.8,0.42844919786096264,0.957064793130367,0.31488933601609653,0.6539629005059021,0.46652935118434596,0.6651922422592719,0.22253082990778805,0.22251846914403156,0.22253082990778805,0.5507307773776743
1.0,0.44499777678968433,0.9722963266981325,0.31659973226238286,0.6714443219404631,0.4778142974527527,0.6820953436807095,0.22239011599484465,0.22238023286818948,0.22239011599484465,0.5692412385165022
