,MTSClean,MTSCleanSoft,LocalSpeedClean,GlobalSpeedClean,LocalSpeedAccelClean,GlobalSpeedAccelClean,EWMAClean,MedianFilterClean,KalmanFilterClean,IMRClean
0.2,0.0010622666640776148,0.006609942677951697,0.0178736275280529,0.009164289807335047,0.01956733797386938,0.008191585723958762,0.01607774506300734,0.01972444494623136,0.018147472247605174,0.010079897296258522
0.4,0.0010502147152815129,0.006997614557940203,0.017745859334070576,0.009132309654060313,0.01946325093818996,0.008532429571691117,0.016035224937897743,0.019628051324776102,0.018072238903261862,0.011312029500225949
0.6,0.0010055357313644385,0.006869687811732107,0.017811410648849904,0.008890614620603117,0.0194765887078645,0.008129306203535209,0.016061186561837013,0.019638365125362076,0.018087888759637592,0.012009510566728368
0.8,0.0009589623735880692,0.006585483607854144,0.01775658906093958,0.00845727633471182,0.019477590472801364,0.0077771026070004405,0.01599956634329701,0.01963789286811259,0.018061966804208466,0.010156952444749276
1.0,0.0009623202345546186,0.0067779897652162835,0.017887663534039804,0.00826563507522757,0.019561792436748802,0.007426675321615149,0.01613236318388711,0.019719686985714992,0.018168163207695927,0.009840521734909704
