,MTSClean,MTSCleanSoft,LocalSpeedClean,GlobalSpeedClean,LocalSpeedAccelClean,GlobalSpeedAccelClean,EWMAClean,MedianFilterClean,KalmanFilterClean,IMRClean
0.2,0.16699801192842942,0.3499005964214712,1.0815109343936382,1.753479125248509,1.1192842942345924,1.7276341948310139,1.6043737574552683,0.9980119284294234,1.3001988071570576,1.242544731610338
0.4,0.2718253968253968,0.38492063492063494,1.119047619047619,1.8075396825396826,1.126984126984127,1.7698412698412698,1.621031746031746,1.0,1.306547619047619,1.3125
0.6,0.3253652058432935,0.4581673306772908,1.0783532536520584,1.7782204515272244,1.1035856573705178,1.748339973439575,1.6195219123505975,0.99867197875166,1.3067729083665338,1.2709163346613546
0.8,0.2926221335992024,0.37537387836490527,1.0608175473579262,1.7412761714855434,1.0967098703888336,1.7083748753738783,1.5757726819541376,0.9995014955134596,1.2876370887337987,1.2726819541375873
1.0,0.3248102277267279,0.4826208549740312,1.0735117858569716,1.794646424290851,1.108669596484219,1.7638833399920095,1.6244506592089492,0.9992009588493808,1.3112265281662006,1.2756691969636436
