,MTSClean,MTSCleanSoft,LocalSpeedClean,GlobalSpeedClean,LocalSpeedAccelClean,GlobalSpeedAccelClean,EWMAClean,MedianFilterClean,KalmanFilterClean,IMRClean
0.2,0.0011284126688460958,0.007562772536309242,0.017852017456889056,0.009588969492257996,0.0196285366849272,0.008933914554352692,0.016115899217857194,0.019802763325515376,0.018199794854585553,0.010422982027189632
0.4,0.0012673585197930408,0.008003161981499812,0.017847567241949403,0.009873878858586786,0.01955711706004764,0.009273851002078712,0.016147563566473757,0.019703019767317597,0.018164091524450275,0.011060306376994252
0.6,0.0010966733452552476,0.008087286348070629,0.017844725432785674,0.009217923475931006,0.019553264772415913,0.008380415053216201,0.016097172795243708,0.019712860928396424,0.018147452619824814,0.010834305895715195
0.8,0.0012697785686515408,0.008108996927707845,0.017808093713422617,0.009390063227731999,0.01957171923048201,0.008760338632871937,0.01609793186430053,0.019722218632322302,0.018149745051388375,0.009972468776201674
1.0,0.0011167634248758327,0.008465276549347851,0.017799057440489676,0.0090615394121205,0.019494610294770336,0.007936797407817645,0.016079862987318103,0.019649203605265134,0.01810170245235215,0.010825900866781034
