,MTSClean,MTSCleanSoft,LocalSpeedClean,GlobalSpeedClean,LocalSpeedAccelClean,GlobalSpeedAccelClean,EWMAClean,MedianFilterClean,KalmanFilterClean,IMRClean
0.2,0.15945330296127563,0.35990888382687924,1.0182232346241458,1.7881548974943053,1.0797266514806378,1.7608200455580865,1.5740318906605923,0.9954441913439636,1.284738041002278,1.3143507972665147
